INSERT INTO department (department_id, department_name)
VALUES (1,"Management   "),
    (2,"Finance"),
    (3,"Marketing"),
    (4,"Purchasing"),
    (5,"Logistics"),
    (6,"Production"),
    (7,"Human Resources");

INSERT INTO roles (role_id, title, salary,department_id)
VALUES (1,"Forklift operator", 59000.99, 5),
       (2,"Sales person", 45000.00,3),
       (3,"Warehouse driver", 40000.00,5),
       (4,"Material purchasing", 60000.00,4),
       (5,"Shipping clerk", 55000.00,5),
       (6,"Warehouse manager", 75000.00, 1),
       (7," Warehouse supervisor", 80000.00, 1),
       (8,"Accountant", 75000.00, 2),
       (9,"CNC Tech", 80000.00, 6);

INSERT INTO employee (employee_id, first_name, last_name, role_id, manager_id)
VALUES  (1,     "Jenesis",      "Cervantes",    1,  7),
        (2,     "Kamari",       "Mullen",       1,  7),
        (3,     "Shay",         "Marks",        1,  7),
        (4,     "Amos",         "Briggs",       1,  7),
        (5,     "Alia",         "Barron",       1,  7),
        (6,     "Dustin",       "Morton",       1,  7),
        (7,     "Mallory",      "Rich",         1  ),
        (8,     "Miller",       "Duke",         2,  1),
        (9,     "Melani",       "Goodman",      2,  1),
        (10,    "Philip",       "Bradford",     2,  1),
        (11,    "Rhea",         "Bradford",     2,  1),
        (12,    "Ander",        "Bush",         2,  1),
        (13,    "Everlee",      "Wilcox",       2,  1),
        (14,    "Jerry",        "Andrade",      3,  2),
        (15,    "Emmy",         "Gray",         3,  2),
        (16,    "Nicholas",     "Bonilla",      3,  2),
        (17,    "Romina",       "McGee",        3,  2),
        (18,    "Conner",       "Robinson",     3,  2),
        (19,    "Nora",         "Williams",     3,  2),
        (20,    "Oliver",       "Juarez",       3,  2),
        (21,    "Juliet",       "Warner",       3,  2),
        (22,    "Jaxton",       "Novak",        4,  3),
        (23,    "Kaiya",        "Thompson",     4,  3),
        (24,    "Theodore",     "Andersen",     4,  3),
        (25,    "Zoie",         "Moon",         4,  3),
        (26,    "Nova",         "Brewer",       4,  3),
        (27,    "Thea",         "Rubio",        4,  3),
        (28,    "Titan",        "Cook",         5,  4),
        (29,    "Aaliyah",      "Suarez",       5,  4),
        (30,    "Soren",        "Gallagher",    5,  4),
        (31,    "Elliott",      "Stone",        5,  4),
        (32,    "Finn",         "McConnell",    6,  5),
        (33,    "Denise",       "Elliott",      6,  5),
        (34,    "Blake",        "Hawkins",      6,  5),
        (35,    "Ariel",        "King",         6,  5),
        (36,    "Julian",       "Garrett",      7,  6),
        (37,    "Tessa",        "Ortega",       7,  6),
        (38,    "Kobe",         "Carlson",      7,  6);
